{
  "Author": "cassandra308",
  "Name": "Where am I again?",
  "InternalName": "WhereAmIAgain",
  "AssemblyVersion": "0.0.0.6",
  "Description": "Shows what zone/region/territory you are in up in the corner next to the server and time info. Open config with /waia. Does not play nicely with Orchestrion Plugin when the 'Show current song in the server info UI element in-game' is enabled, since it uses the same element.",
  "ApplicableVersion": "any",
  "RepoUrl": "https://github.com/cassandra308/WhereAmIAgain",
  "Tags": [
    "Area",
    "Info",
    "Location",
    "Overlay",
    "UI",
    "Zone"
  ],
  "CategoryTags": [
    "UI"
  ],
  "DalamudApiLevel": 5,
  "LoadPriority": 0,
  "Punchline": "Shows what zone/region/territory you are in next to the server info."
}