{
  "Disabled": false,
  "Testing": false,
  "InstalledFromUrl": null,
  "IsThirdParty": false,
  "Punchline": null,
  "Changelog": null,
  "Tags": null,
  "CategoryTags": null,
  "DownloadLinkInstall": null,
  "DownloadLinkUpdate": null,
  "DownloadLinkTesting": null,
  "ImageUrls": null,
  "IconUrl": null,
  "AcceptsFeedback": true,
  "FeedbackMessage": null,
  "FeedbackWebhook": null,
  "Author": "Qasi Molkot",
  "Name": "Where am I again?",
  "Description": "See where your character is at all times.",
  "InternalName": "WhereAmIAgain",
  "AssemblyVersion": "0.0.0.2-beta",
  "TestingAssemblyVersion": "0.0.0.2-beta",
  "RepoUrl": "https://github.com/cassandra308/WhereAmIAgain",
  "ApplicableVersion": "any",
  "DalamudApiLevel": 5,
  "IsHide": false,
  "IsTestingExclusive": false,
  "DownloadCount": 69420,
  "LastUpdate": 0,
  "LoadPriority": 69420
}
